{
  "quakes": [
    {
      "x": -7196.4963000004045,
      "z": 50,
      "y": 10710.0,
      "mag": 6.4,
      "time": 0.0
    },
    {
      "x": -13986.00000000053,
      "z": 5000,
      "y": 4640.0,
      "mag": 4.49,
      "time": 72.62000012397766
    },
    {
      "x": -4902.50370000058,
      "z": 350000,
      "y": 6820.0,
      "mag": 4.0,
      "time": 373.23000025749207
    },
    {
      "x": 7067.003700000661,
      "z": 115,
      "y": 2650.0,
      "mag": 4.13,
      "time": 389.49000000953674
    }
  ]
}