{
  "fault": [
    {
      "x": 49339.5443999995,
      "y": 29590,
      "z": -33938.38666308064
    },
    {
      "x": 49339.5443999995,
      "y": 0,
      "z": -33938.38666308064
    },
    {
      "x": -46989.99630000033,
      "y": 0,
      "z": 29360.00033001096
    },
    {
      "x": -46989.99630000033,
      "y": 29590,
      "z": 29360.00033001096
    }
  ]
}